prev_image,current_image,description_a,description_b,model_position
https://raw.githubusercontent.com/cunjunyu/RoboticGuideDogData/main/test-door/000272.jpg,https://raw.githubusercontent.com/cunjunyu/RoboticGuideDogData/main/test-door/000273.jpg,"""""""User with robot guide dog is approaching an already open doorway in a hallway. The robot is positioned between the user's legs at the threshold of the doorway where blue and brown patterned flooring meet. Another person is visible in the background. The door appears to already be open, allowing passage. The user is in the initial approach phase of the door interaction task.""""""","""""""A user is actively interacting with the robot; one person's body is only partially seen, the other 2 hands can be seen, and one seems to be the one controlling the robot. The robot is aligned with a designated path, suggesting a calibration task. Path is clear with no obstacles.""""""",A
https://raw.githubusercontent.com/cunjunyu/RoboticGuideDogData/main/test-door/000295.jpg,https://raw.githubusercontent.com/cunjunyu/RoboticGuideDogData/main/test-door/000296.jpg,"""""""Initial frame showing a robot guide dog in a carpeted hallway with yellow walls. The robot is positioned in the foreground, with two people visible in the hallway ahead - one person standing closer to the camera and another person further down the corridor. The environment appears to be an indoor building hallway with doors visible along the sides, a fire extinguisher on the wall, and clear pathways. No active door or elevator interaction is currently taking place; this appears to be the starting position before any navigation task begins.""""""","""""""The robot remains to the left side of the room.user is at the back of the room standing stationsry in the middle. User is aligned with robot and another user crouched at the left side of the room.""""""",A
https://raw.githubusercontent.com/cunjunyu/RoboticGuideDogData/main/test-door/000299.jpg,https://raw.githubusercontent.com/cunjunyu/RoboticGuideDogData/main/test-door/000300.jpg,"""""""Initial frame showing a robot guide dog in a hallway with a user visible in the distance down the corridor. The robot appears to be in a standby or ready position. The environment is an indoor hallway with patterned carpet, yellow walls, doors along the sides, and a fire extinguisher visible. The user is standing at a distance, and another person appears to be present near the user. No active door or elevator interaction has begun yet - this appears to be a pre-task or approach phase.""""""","""""""The robotic dog is navigating a carpeted hallway, guiding a user who maintains close proximity and alignment. The user holds the handle with appropriate tension, indicating active control. The environment is well lit and unobstructed, with lockers and doors along the walls; this is a safe indoor setting.""""""",A
https://raw.githubusercontent.com/cunjunyu/RoboticGuideDogData/main/test-door/000300.jpg,https://raw.githubusercontent.com/cunjunyu/RoboticGuideDogData/main/test-door/000301.jpg,"""""""The handler is stationery in front of the robotic dog, further down the hallway. The robotic dogs task appears to be to reach the handler. The robotic dog appears to be moving toward the handler, but is slightly misaligned, there are no obstructions or hazards in the area. The task does not appear to have been completed.""""""","""""""User has successfully passed through a door (visible open on left side with blue panels) and is now walking down a hallway with the robot guide dog following. The door interaction phase appears complete. User is moving forward in the corridor, suggesting progression toward the next task phase, likely approaching an elevator. The environment is an indoor hallway with yellow walls, brown carpet, and multiple doors along the corridor.""""""",B
https://raw.githubusercontent.com/cunjunyu/RoboticGuideDogData/main/test-door/000345.jpg,https://raw.githubusercontent.com/cunjunyu/RoboticGuideDogData/main/test-door/000346.jpg,"""""""Users feet are just seen at start of frame. The robot is entering another room, straight on. Alignment looks good with control""""""","""""""Robot guide dog positioned at threshold between carpeted and blue-tiled floor areas, approaching what appears to be a doorway or room transition. The robot is oriented toward the carpeted area with door visible to the left. Task is in initial door approaching phase with the door currently closed. Environment appears to be an indoor laboratory or testing facility with clear pathways.""""""",B
https://raw.githubusercontent.com/cunjunyu/RoboticGuideDogData/main/test-elevator/000011.jpg,https://raw.githubusercontent.com/cunjunyu/RoboticGuideDogData/main/test-elevator/000012.jpg,"""""""The dog and user are near stairs and an elevator. No obstructions visible.""""""","""""""Initial frame shows robot guide dog positioned in a lobby area facing elevator doors. The elevator is visible in the center background with closed metallic doors. The robot appears to be guiding the user (partially visible at bottom of frame) toward the elevator. The environment is an indoor institutional setting with polished floors, stairs visible to the left, and clear pathways. Task is in early elevator approach phase with no button interaction yet initiated.""""""",B
https://raw.githubusercontent.com/cunjunyu/RoboticGuideDogData/main/test-elevator/000016.jpg,https://raw.githubusercontent.com/cunjunyu/RoboticGuideDogData/main/test-elevator/000017.jpg,"""""""User holds robot guide dog harness while approaching elevator area in a building lobby. The user's hand is visible gripping the blue harness handle with the robot dog ahead. Elevator doors are visible in the background (closed). Other people present in the lobby area near vending machines and stairs. Environment is a clear indoor lobby with polished tile flooring. Task is in early elevator approach phase, with user and robot moving toward the elevator bank.""""""","""""""The handler is on the left hand side of the robotic dog. T%he task appears to be walking to the elevator. The dog is walking and scanning the area and the path is clear with no hazards or obstructions. Appears to be no drift, good control.""""""",A
https://raw.githubusercontent.com/cunjunyu/RoboticGuideDogData/main/test-elevator/000018.jpg,https://raw.githubusercontent.com/cunjunyu/RoboticGuideDogData/main/test-elevator/000019.jpg,"""""""Robot is to the right of the room facing and elevator and stairs. No user seen.""""""","""""""Robot guide dog positioned in a large lobby area with polished terrazzo flooring. The environment shows elevator doors in the background (center-left), stairs on the left, and a seating area with wooden benches on the right. The robot appears to be in the early stages of an elevator interaction task, approaching the elevator area from a distance. The elevator doors are closed and the environment is clear with no obstacles or other people visible. This represents the initial approach phase of the elevator task.""""""",B
https://raw.githubusercontent.com/cunjunyu/RoboticGuideDogData/main/test-elevator/000030.jpg,https://raw.githubusercontent.com/cunjunyu/RoboticGuideDogData/main/test-elevator/000031.jpg,"""""""User with robot guide dog positioned at elevator area. User's hand is holding a blue device/controller while the robot guide dog (white and blue robotic device) is positioned near closed silver elevator doors. Elevator control panel visible on left wall. Stairs visible in background. Task is in early elevator interaction phase - user has approached elevator and is positioned at the call area. Elevator doors are closed, indicating elevator has not yet been called or is not yet arrived.""""""","""""""User is stationery behind the robotic dog. The dog is stationery by the lift facing the control panel. The dog appears to be misaligned to enter the lift once the doors open. The goal of reaching the door has mildly been achieved.""""""",A
https://raw.githubusercontent.com/cunjunyu/RoboticGuideDogData/main/test-elevator/000052.jpg,https://raw.githubusercontent.com/cunjunyu/RoboticGuideDogData/main/test-elevator/000053.jpg,"""""""User's hand is pressing an illuminated green call button on the elevator control panel. The elevator doors are already open, revealing an empty elevator car with beige/tan interior walls and handrails. A robot guide dog (blue wheeled robot) is positioned on the floor near the elevator threshold, waiting to assist. The environment shows a clear hallway with granite flooring. The user is actively engaged with the elevator call button despite the doors already being open, suggesting they may be confirming the call or the elevator just arrived.""""""","""""""The handler appears to be on the left hand side of the lift pushing the elevator button. The robotic dogs task appears to be waiting for the lift to opne. The robotic dog is stationery facing the lift and scanning the environment. There are no obstructions or hazards in the way. Task appears to be completed.""""""",A
https://raw.githubusercontent.com/cunjunyu/RoboticGuideDogData/main/test-elevator/000067.jpg,https://raw.githubusercontent.com/cunjunyu/RoboticGuideDogData/main/test-elevator/000068.jpg,"""""""Robot is elevator and not aligned to elevator door. user is outside of elevator.""""""","""""""Robot guide dog is positioned inside elevator with doors open, appearing ready to exit. The elevator is at destination floor with doors fully open to the right, showing threshold and exit area. Robot is stationary in center of elevator facing the open doors, suggesting completion of riding phase and preparing for exit phase of elevator interaction.""""""",B
https://raw.githubusercontent.com/cunjunyu/RoboticGuideDogData/main/test-elevator/000087.jpg,https://raw.githubusercontent.com/cunjunyu/RoboticGuideDogData/main/test-elevator/000088.jpg,"""""""Robot is at the left facing the elevator. User is to the right, feet are seen and hands on a controller.""""""","""""""User is inside elevator with robot guide dog, reaching toward elevator control panel to select destination floor. Elevator doors are open. Robot is positioned beside user, monitoring the floor selection interaction. Green illuminated button visible on panel indicating active interaction phase. Task has progressed from elevator entry to floor selection phase.""""""",B
https://raw.githubusercontent.com/cunjunyu/RoboticGuideDogData/main/test-elevator/000101.jpg,https://raw.githubusercontent.com/cunjunyu/RoboticGuideDogData/main/test-elevator/000102.jpg,"""""""The user is beside the robot; feet and hands can be seen. The robot is going through a door towards the hallway; the handle is held with slight tension, indicating guidance to some other rooms on the other side.""""""","""""""Robot guide dog is positioned at the threshold of an elevator with doors fully open, appearing to be guiding the user in exiting the elevator onto a clear hallway floor. The robot faces outward into a well-lit corridor with glass doors/windows visible ahead. User's hand is visible in bottom right holding what appears to be a control device. The elevator exit phase is in progress with clear path ahead.""""""",B
https://raw.githubusercontent.com/cunjunyu/RoboticGuideDogData/main/test-elevator/000110.jpg,https://raw.githubusercontent.com/cunjunyu/RoboticGuideDogData/main/test-elevator/000111.jpg,"""""""The handler is behind the dog, with only the control and hand visible. The dogs task appears to be walking down the hallway. The dog appears to be scanning the environment and its pathe is free from hazards and obstructions. The dog appears to be travelling a misaligned path.""""""","""""""Initial frame showing robot guide dog positioned in an open indoor atrium space with polished terrazzo flooring. A glass railing and windows are visible in the background. A person in blue shorts is standing to the right, and another person's hand is visible in the lower right corner. The robot is stationary, and no door or elevator interaction has begun yet. The environment appears to be a modern building interior with clear space for navigation.""""""",B
https://raw.githubusercontent.com/cunjunyu/RoboticGuideDogData/main/test-elevator/000115.jpg,https://raw.githubusercontent.com/cunjunyu/RoboticGuideDogData/main/test-elevator/000116.jpg,"""""""The user follows the robotic guide dog along a hallway, remaining aligned with its path all along. The handle is held steadily, showing controlled guidance. The path followed is clear with no obstacles, and both user and robot move smoothly towards the visible elevator doors.""""""","""""""User with robot guide dog is navigating through an open doorway. The door appears to be automatic or already open. User's hand is visible in frame holding the robot's leash/harness. The robot guide dog (quadruped design with blue and white components) is positioned on speckled tile flooring, moving through the doorway threshold. Beyond the door is a clear hallway with classroom or office spaces visible. The door task is in progress with the user currently in the passing-through phase. No elevator interaction has begun yet.""""""",B
https://raw.githubusercontent.com/cunjunyu/RoboticGuideDogData/main/test-elevator/000116.jpg,https://raw.githubusercontent.com/cunjunyu/RoboticGuideDogData/main/test-elevator/000117.jpg,"""""""The robot is slightly to the left of the user, the  user has the fore finger on the robot button , the user is controlling the robot to the automatic doors. A person to his left stops by the wall to allow the robot to make a smooth passage to its destination.""""""","""""""User with robot guide dog is approaching an open glass door in an indoor building space with polished floors. Another person is visible ahead near the doorway. The door appears to be automatic and is already open. Robot is positioned in front of user, actively guiding toward the door passage. This is the initial door approach phase of the comprehensive door and elevator navigation task.""""""",B
https://raw.githubusercontent.com/cunjunyu/RoboticGuideDogData/main/test-elevator/000123.jpg,https://raw.githubusercontent.com/cunjunyu/RoboticGuideDogData/main/test-elevator/000124.jpg,"""""""Initial frame showing a quadruped robot guide dog in an indoor lobby area with reflective flooring. A person is visible in the background near stairs. The user's hand is visible in the foreground holding what appears to be a controller or device. The robot is stationary and appears to be in a waiting state before beginning door or elevator interaction tasks. The environment is clear with stairs visible on the right side and glass doors/windows in the background. No active door or elevator interaction has begun yet.""""""","""""""Robot moves towards elevator and stairs. Users feet to the left. Robot heading towards lift.""""""",A
https://raw.githubusercontent.com/cunjunyu/RoboticGuideDogData/main/test-elevator/000160.jpg,https://raw.githubusercontent.com/cunjunyu/RoboticGuideDogData/main/test-elevator/000161.jpg,"""""""User with robot guide dog is approaching elevator bank in a building hallway. The robot (quadruped with blue/white coloring and sensor equipment) is positioned ahead of the user, whose hand is visible holding a leash/tether. Two elevator doors are visible - closed metal doors in front. Call button panel visible on left wall. Environment is clear with terrazzo flooring. Task is in elevator approach phase on origin floor.""""""","""""""The handler appears to be behind the robotic dog with just the controller and hand visable. The robotic dogs task appears to be reaching the lift and waiting for it to open. The dog is scanning the environment and correcting its trajectory as it completes the task.""""""",A
https://raw.githubusercontent.com/cunjunyu/RoboticGuideDogData/main/test-elevator/000165.jpg,https://raw.githubusercontent.com/cunjunyu/RoboticGuideDogData/main/test-elevator/000166.jpg,"""""""Robot guide dog is positioned in front of closed elevator doors in a hallway with dark trim and speckled flooring. The robot appears to be approaching or waiting at the elevator. Another blue robotic device is visible in the lower left corner. The elevator doors are closed, indicating the task is in the early approaching phase before calling the elevator.""""""","""""""The robotic dog is navigating a tiled hallway with vertical black wall panels, and a white door is visible. The view appears to be from the robot's onboard camera capturing a forward-facing view as it moves through the corridor. The environment is unobstructed.""""""",A
https://raw.githubusercontent.com/cunjunyu/RoboticGuideDogData/main/test-elevator/000214.jpg,https://raw.githubusercontent.com/cunjunyu/RoboticGuideDogData/main/test-elevator/000215.jpg,"""""""User is inside an elevator with the robot guide dog at the destination floor. Elevator doors are open with view to exterior hallway. Another person with a blue and white bag is present in the elevator, creating a crowded social environment. The robot is positioned between the user and the other passenger. The elevator appears to have arrived at the destination floor and doors are open, indicating the user is in the exiting phase. Safety concerns exist due to crowded conditions and need to navigate around other passenger during exit.""""""","""""""User points the control remote towards the robot. Robot is facing the elevator while another users feet are to the right side.""""""",A
https://raw.githubusercontent.com/cunjunyu/RoboticGuideDogData/main/test-elevator/000227.jpg,https://raw.githubusercontent.com/cunjunyu/RoboticGuideDogData/main/test-elevator/000228.jpg,"""""""User and robot guide dog are inside elevator riding to destination floor. Multiple people present in elevator including person in blue and white striped clothing holding handrail. Robot is positioned on elevator floor with visible mechanical components. Elevator doors are closed and elevator appears to be in motion between floors. Floor selection has been completed and users are in the riding phase awaiting arrival at destination.""""""","""""""Robot and control facing the elevator. Users feet seen on both sides of robot.""""""",A
https://raw.githubusercontent.com/cunjunyu/RoboticGuideDogData/main/test-elevator/000240.jpg,https://raw.githubusercontent.com/cunjunyu/RoboticGuideDogData/main/test-elevator/000241.jpg,"""""""Robot leaves the lift into the room. User in front where you can see the hand holding the control. And you can see feet on either side.""""""","""""""User is actively passing through an open doorway while holding the robot guide dog. The door is fully open with the user positioned at the threshold, transitioning from one space to another. A bright lobby or corridor area is visible ahead. The robot is being held at waist level with a blue control interface visible. The door passage phase is in progress, with the user navigating through the doorway successfully.""""""",B
https://raw.githubusercontent.com/cunjunyu/RoboticGuideDogData/main/test-elevator/000263.jpg,https://raw.githubusercontent.com/cunjunyu/RoboticGuideDogData/main/test-elevator/000264.jpg,"""""""The handler is walking alongside the robotic dog on the dogs left hand side. The task appears to be walking alongside the handler. The dog appears to be scanning the area, and the path is free from hazards and obstructions.""""""","""""""Initial frame showing a robot guide dog positioned in a clear indoor hallway with polished tile flooring. A user is standing to the right of the robot. The environment appears to be an institutional or commercial building with directory boards on the left wall and a clear corridor ahead. No immediate door or elevator interaction is occurring - this appears to be the starting position before task initiation. The robot is stationary and waiting, while the user's position suggests they are prepared to begin navigation.""""""",B
https://raw.githubusercontent.com/cunjunyu/RoboticGuideDogData/main/test-elevator/000277.jpg,https://raw.githubusercontent.com/cunjunyu/RoboticGuideDogData/main/test-elevator/000278.jpg,"""""""Initial frame showing a robot guide dog in an indoor institutional setting with polished terrazzo flooring. A user is visible standing to the right of the robot. The environment appears to be a clear hallway with decorative planters and informational displays on the left wall. The space ahead opens to what appears to be a lobby or common area. No door or elevator interaction has begun yet - this appears to be a starting position before any navigation task commences.""""""","""""""user is on the side of robot. Robot is in large room going to wards a doorway. with no obstacles.""""""",A
https://raw.githubusercontent.com/cunjunyu/RoboticGuideDogData/main/test-elevator/000294.jpg,https://raw.githubusercontent.com/cunjunyu/RoboticGuideDogData/main/test-elevator/000295.jpg,"""""""there is a large atrium where the robot and two other people are. A man is standing nearby with the control of the robot and another person is to the right, looks like they are talking. The robot does not have a clear path and is unsure where to go.""""""","""""""Initial frame showing an indoor institutional hallway with polished terrazzo flooring. A robot guide dog device (blue harness/frame visible in lower left) is positioned on the floor. Two people are visible - one person in black clothing in the center of frame and another person partially visible on the right. The environment appears to be a building lobby or corridor with directory boards on the left wall and windows/glass panels visible in the background. No door or elevator interaction is currently taking place - this appears to be a pre-task or transitional state in an open corridor area.""""""",B
https://raw.githubusercontent.com/cunjunyu/RoboticGuideDogData/main/test-elevator/000298.jpg,https://raw.githubusercontent.com/cunjunyu/RoboticGuideDogData/main/test-elevator/000299.jpg,"""""""Initial frame showing a robot guide dog positioned on polished floor in an indoor public space with directory displays on the left wall. Two people are visible - one person in black directly ahead and another person on the right side of the frame. The environment appears to be a building lobby or corridor with clear pathways. No door or elevator interaction has begun yet; this appears to be a pre-task starting position.""""""","""""""Two users are partially seen standing near the robot interacting with it. The hallway is clear with no obstacles. The environment has large windows and a reception desk. The space is safe for navigating and demonstration.""""""",A
https://raw.githubusercontent.com/cunjunyu/RoboticGuideDogData/main/test-elevator/000307.jpg,https://raw.githubusercontent.com/cunjunyu/RoboticGuideDogData/main/test-elevator/000308.jpg,"""""""The handler appears to be on the right of the robotic dog with only their shoes visable. The robotic dogs task appears to be walking down the corridor. The robotic dog is walking on a trajectory free from hazards and obstructions, howver appears to be drifting.""""""","""""""Initial frame showing an indoor institutional hallway with polished terrazzo flooring. A quadruped robot guide dog is positioned on the left side of the frame. Two people are visible on the right side of the frame - one person in dark clothing and another in lighter clothing. The environment appears to be a public building with directory boards on the left wall and glass windows visible in the background. The robot appears to be in a waiting state, and no door or elevator interaction has yet begun. The setting is clear and well-lit with no immediate safety concerns, though social context is present with multiple people in the space.""""""",B
https://raw.githubusercontent.com/cunjunyu/RoboticGuideDogData/main/test-elevator/000314.jpg,https://raw.githubusercontent.com/cunjunyu/RoboticGuideDogData/main/test-elevator/000315.jpg,"""""""Initial frame showing an indoor public space with polished terrazzo flooring. A robot guide dog (blue quadruped robot) is visible in the lower left corner. Two people are visible in the frame - one person in black clothing in the center and another person on the right side. The environment appears to be a lobby or institutional building interior with directory boards on the left wall and a reception/service counter visible in the background. The space is well-lit and clear with no immediate door or elevator interaction visible. No specific task has begun yet.""""""","""""""Two users are partially seen standing near the robot; this depicts a live demonstration or test. The environment is clear with no visible obstacles indicating a safe setting for robotic navigation.""""""",A
https://raw.githubusercontent.com/cunjunyu/RoboticGuideDogData/main/test-elevator/000348.jpg,https://raw.githubusercontent.com/cunjunyu/RoboticGuideDogData/main/test-elevator/000349.jpg,"""""""Initial frame showing a quadruped robot guide dog in an institutional building lobby with polished terrazzo flooring. The robot is positioned near a decorative brick planter wall with informational plaques. A person is visible in the right portion of the frame. The environment appears to be a clear, open lobby space with no immediate door or elevator visible in the current view. The task has not yet begun - this appears to be a starting position before approaching either a door or elevator.""""""","""""""The robot is not pursuing a straight path, there are obstacles in the way, there is no visible user. A man stands in the way ,it is a large area seemly empty ahead but people to the right.""""""",A
https://raw.githubusercontent.com/cunjunyu/RoboticGuideDogData/main/test-elevator/000354.jpg,https://raw.githubusercontent.com/cunjunyu/RoboticGuideDogData/main/test-elevator/000355.jpg,"""""""Initial frame showing a lobby area with an open elevator in the background. A person is crouched next to a blue and black robotic guide dog on the left side of the frame, appearing to be setting up or preparing the robot. Another person is visible exiting or standing in the open elevator doorway. The environment is clear with stairs visible on the left and a fire extinguisher on the right wall. The robot appears to be in a waiting state before the navigation task begins. The elevator doors are currently open, suggesting this is at the origin floor before the task commences.""""""","""""""Robot is facing the elevator. Women is entering the lift in front and a user is crouched to the left looking down at the robot.""""""",A
https://raw.githubusercontent.com/cunjunyu/RoboticGuideDogData/main/test-elevator/000358.jpg,https://raw.githubusercontent.com/cunjunyu/RoboticGuideDogData/main/test-elevator/000359.jpg,"""""""The robot is stationary near a wall with a fire extinguisher; near it there's a user whose feet are the only body parts visible. There's another user inside a lift, and another one is standing in the hallway near the staircase. The robot is properly aligned with the path and appears paused for observational purposes with no visible hazards or misalignment.""""""","""""""User is exiting the elevator with doors fully open. A person inside the elevator is visible exiting, while another person stands in the lobby area. The robot guide dog is positioned in the foreground monitoring the exit. The elevator task is in the exiting phase at the destination floor.""""""",B
https://raw.githubusercontent.com/cunjunyu/RoboticGuideDogData/main/test-elevator/000374.jpg,https://raw.githubusercontent.com/cunjunyu/RoboticGuideDogData/main/test-elevator/000375.jpg,"""""""Robot guide dog positioned in building lobby facing elevator bank with closed doors. User visible in background near stairs. Robot is in elevator approach phase, oriented toward two elevator doors (visible as dark rectangular openings in gray wall). Call button panel visible on left side of elevator bank. Other people present in lobby including person with 'MINI' bag. Environment is clear with polished floor. Task is in early elevator approach stage.""""""","""""""Robot is facing the elevator and stairs. User crouched on the left with laptop. Another users feet by stairs.""""""",A
https://raw.githubusercontent.com/cunjunyu/RoboticGuideDogData/main/test-elevator/000406.jpg,https://raw.githubusercontent.com/cunjunyu/RoboticGuideDogData/main/test-elevator/000407.jpg,"""""""User's hands are visible and is guiding the dog into the elevator, who is complying. No hazards.""""""","""""""User is actively exiting the elevator at destination floor. View shows user's hands holding the robot guide dog's harness handle as they step over the elevator threshold. The robot (blue unit with directional buttons visible) is positioned just outside the elevator on the destination floor. Elevator doors are fully open, and the user is in the process of crossing from inside the elevator to the hallway. The elevator interior shows beige walls with dark trim. This represents the exit phase of the elevator task, nearly completing the elevator interaction portion of the comprehensive task.""""""",B
https://raw.githubusercontent.com/cunjunyu/RoboticGuideDogData/main/test-elevator/000428.jpg,https://raw.githubusercontent.com/cunjunyu/RoboticGuideDogData/main/test-elevator/000429.jpg,"""""""The robot and two other people are in a lift with the door closed. The robot is waiting to alight first. There is a man to the left and a person to the right with just feet showing, this is the user""""""","""""""User and robot guide dog are inside an elevator with doors open. The user is standing near the elevator control panel on the left wall, with the robotic guide dog positioned beside them on the right. The elevator appears to be at a floor with doors fully open, awaiting the next action which would typically be floor selection. The environment is clear with no other occupants visible.""""""",B
https://raw.githubusercontent.com/cunjunyu/RoboticGuideDogData/main/test-elevator/000434.jpg,https://raw.githubusercontent.com/cunjunyu/RoboticGuideDogData/main/test-elevator/000435.jpg,"""""""User is inside elevator with robot guide dog visible on floor. User's hands are holding what appears to be a leash or control device. Elevator doors are open, another person is visible in the elevator. Robot appears to be a small wheeled device with electronics and blue lighting. Task is in elevator phase - user has successfully entered and is now positioned inside, likely preparing for floor selection phase.""""""","""""""The user appears to be beside the robotic dog. The task looks to be waiting at the elevator door, task appears to be completed. The robotic dog is stationery, scanning the environment. It does appear to be too close to the door which may be a saftey risk.""""""",A
https://raw.githubusercontent.com/cunjunyu/RoboticGuideDogData/main/test-elevator/000439.jpg,https://raw.githubusercontent.com/cunjunyu/RoboticGuideDogData/main/test-elevator/000440.jpg,"""""""User is currently inside an elevator with the robot guide dog. The elevator doors are open, showing the metallic interior. Another person is visible on the right side of the frame wearing blue and white clothing with a white bag. The robot guide dog is positioned in front of the user on the elevator floor. A green indicator light is visible on the elevator control panel. The task is in the elevator entry/floor selection phase, with the user having successfully entered the elevator and now needing to select the destination floor.""""""","""""""The user is behind the robot dog in the lift, only the hand and controller is visible. The robotic dog is stationery and appezars to be scanning the environment in a fixed position facing the door. No obstructions or hazards present. The task of reaching the door has been safely achieved.""""""",A
https://raw.githubusercontent.com/cunjunyu/RoboticGuideDogData/main/test-elevator/000477.jpg,https://raw.githubusercontent.com/cunjunyu/RoboticGuideDogData/main/test-elevator/000478.jpg,"""""""Robot moving forward in room. Users feet in front oof robot. Obstructing the robots path.""""""","""""""Initial frame showing user standing with robot guide dog in an indoor corridor with polished floors. The robot appears to be in ready position for guiding. Environment is clear with glass windows visible in background. No door or elevator interaction has begun yet. User appears to be preparing to start navigation task.""""""",B
https://raw.githubusercontent.com/cunjunyu/RoboticGuideDogData/main/test-elevator/000509.jpg,https://raw.githubusercontent.com/cunjunyu/RoboticGuideDogData/main/test-elevator/000510.jpg,"""""""The handler is stationery on the left hand side of the robotic dog. The task appears to be approach the elevator. The robotic dog appears to be stationery scanning the environment. The path is clear of hazards and obstruction. Task not completed.""""""","""""""Initial setup frame showing a robot guide dog in an elevator lobby area. Two elevator doors are visible (closed) in the background. A person is crouched by a laptop on the floor, appearing to be configuring or monitoring the robot system. Another person is standing in the background near stairs. The robot is positioned in the foreground, seemingly waiting for task initiation. The environment is a clear, well-lit indoor space with no immediate safety concerns. Task has not yet begun.""""""",B
https://raw.githubusercontent.com/cunjunyu/RoboticGuideDogData/main/test-elevator/000510.jpg,https://raw.githubusercontent.com/cunjunyu/RoboticGuideDogData/main/test-elevator/000511.jpg,"""""""Initial setup scene showing a robot guide dog positioned in a building lobby/hallway area near elevator doors. A person is crouched next to a laptop, apparently controlling or monitoring the robot. Another person stands in the background near stairs. The robot appears to be in standby mode before beginning door or elevator interaction tasks. The environment shows elevator doors in the background and is clear for navigation. Task has not yet commenced.""""""","""""""Robot is facing a elevator. User is crouched down on the left on a laptop. Another users feet and body by stair.""""""",A
https://raw.githubusercontent.com/cunjunyu/RoboticGuideDogData/main/test-elevator/000511.jpg,https://raw.githubusercontent.com/cunjunyu/RoboticGuideDogData/main/test-elevator/000512.jpg,"""""""Initial setup frame showing a robot guide dog positioned in a hallway near closed elevator doors. An operator is crouched down working on a laptop connected to the robot, conducting pre-task setup or calibration. Another person is visible in the background near stairs. The environment is an indoor building lobby/hallway with elevator access. The robot appears to be in a waiting state before any door or elevator interaction task begins. No active navigation or interaction is occurring yet.""""""","""""""User is crouching down and using a laptop that is on the ground. Both the dog and user are opposite the elevator.""""""",A
https://raw.githubusercontent.com/cunjunyu/RoboticGuideDogData/main/test-elevator/000574.jpg,https://raw.githubusercontent.com/cunjunyu/RoboticGuideDogData/main/test-elevator/000575.jpg,"""""""Robot guide dog positioned in hallway near closed elevator doors (metallic gray surface on left). The robot appears to be guiding toward the elevator area. Elevator call button panel visible on wall to left. White doors visible in background. Environment is clear with no obstacles. Task is in early elevator approach phase.""""""","""""""The handler has guided the robot to s lift and is in a good position to guide it into the lift when the doors open. The lift is in a corner of an area, there is a cupboard to the right and a open glass door that leads into a canteen/meeting room.""""""",A
https://raw.githubusercontent.com/cunjunyu/RoboticGuideDogData/main/test-elevator/000605.jpg,https://raw.githubusercontent.com/cunjunyu/RoboticGuideDogData/main/test-elevator/000606.jpg,"""""""The user is not visable in the scene. The robotic dog seems to be stationery waiting for the door to open or close and scanning the environment. The position of the dog is misaligned potentially causing issues exiting the elevator.""""""","""""""Robot guide dog (visible as blue and white robotic device) is positioned inside an elevator. The view is looking down at the elevator floor from the robot's perspective. The elevator doors appear to be open, showing the transition from outside flooring (with black strips) to the darker elevator floor interior. The robot has successfully entered the elevator and is now positioned inside. No user is directly visible in frame, but the robot's presence inside indicates the user has entered or is entering. The next phase would be floor selection.""""""",B
https://raw.githubusercontent.com/cunjunyu/RoboticGuideDogData/main/test-elevator/000610.jpg,https://raw.githubusercontent.com/cunjunyu/RoboticGuideDogData/main/test-elevator/000611.jpg,"""""""Robot is in elevator. Elevator door is open. user is not visible.""""""","""""""Robot guide dog is positioned inside an elevator with open doors. The robot appears to be a wheeled device with blue components and exposed circuitry, situated on the elevator floor near the threshold. The elevator interior shows metallic walls with handrails and appears to be stationary with doors open, suggesting the robot is either waiting for the user to enter or has just arrived at a floor. Currently in elevator interaction phase.""""""",B
https://raw.githubusercontent.com/cunjunyu/RoboticGuideDogData/main/test-elevator/000622.jpg,https://raw.githubusercontent.com/cunjunyu/RoboticGuideDogData/main/test-elevator/000623.jpg,"""""""Robot guide dog is inside elevator with doors fully open at destination floor. The robot is positioned facing the open elevator doors with user visible (foot in frame). Elevator appears to have arrived at destination floor with doors open, indicating readiness for exit phase. Environment is clear with no obstructions. The robot is at the threshold preparing to guide user out of the elevator to complete the elevator interaction task.""""""","""""""The robot is in a lift it is to the left of the door opening. The obstruction would be that it is not going to walk straight out the door, A man is stood to the right holding the controls for the robot movement.""""""",A
https://raw.githubusercontent.com/cunjunyu/RoboticGuideDogData/main/elevator-practice/000253.jpg,https://raw.githubusercontent.com/cunjunyu/RoboticGuideDogData/main/elevator-practice/000254.jpg,"""""""User and robot guide dog are positioned inside an elevator with doors open. The robot (blue and orange robotic dog with visible mechanical components) is on the elevator floor in the corner, while the user's hand is visible holding or interacting with the robot. The elevator has metallic walls with handrails visible along the sides. Currently in the entering/entered phase of elevator interaction, next step would be floor selection.""""""","""""""User is to the left side the dog. The robot remains fixed in position facing the back of the lift. No hazards are present on the current path. The user’s sustained stationary position relative to previous frames confirms the goal of reaching the lift has been safely achieved.""""""",A
https://raw.githubusercontent.com/cunjunyu/RoboticGuideDogData/main/elevator-practice/000183.jpg,https://raw.githubusercontent.com/cunjunyu/RoboticGuideDogData/main/elevator-practice/000184.jpg,"""""""Robot guide dog positioned in hallway facing closed elevator doors. The robot is several meters away from the metallic elevator doors on the right side of the frame. A green waste bin and glass door are visible to the left. The environment is clear with no obstacles between the robot and elevator. Task is in early elevator approach phase, with the robot orienting toward the elevator location before proceeding to call button interaction.""""""","""""""User is behind the dog. The robot remains fixed in position facing lift doors. No hazards are present on the current path. The user’s sustained stationary position relative to previous frames confirms the goal of reaching the lift door has been safely achieved""""""",A
https://raw.githubusercontent.com/cunjunyu/RoboticGuideDogData/main/test-elevator/000359.jpg,https://raw.githubusercontent.com/cunjunyu/RoboticGuideDogData/main/test-elevator/000360.jpg,"""""""UUser is behind the dog. The robot remains fixed in position facing the back of the lift. The lift doors are closing on this current path. The user’s sustained stationary position relative to previous frames confirms the goal of reaching the lift has been safely achieved.""""""","""""""User is approaching an elevator area in a building lobby. The robot guide dog is positioned in the foreground, facing toward two elevator shafts visible in the center-right of the frame. One elevator appears to have its doors open. The user is standing to the left near a staircase area, observing the scene. The environment is a clean, well-lit lobby with terrazzo flooring. Another person is visible in the background. The task is in the elevator approaching phase, with the user and robot positioned to begin the elevator interaction sequence.""""""",B
https://raw.githubusercontent.com/cunjunyu/RoboticGuideDogData/main/test-elevator/000280.jpg,https://raw.githubusercontent.com/cunjunyu/RoboticGuideDogData/main/test-elevator/000281.jpg,"""""""User is behind the dog. The robot remains fixed in position facing the corridor. Hazards are present on the current path. The user’s sustained stationary position relative to previous framesd""""""","""""""Initial frame showing user and robot guide dog in an indoor corridor with polished terrazzo flooring. The robot (blue mechanical device with wheels and sensors) is positioned to the user's left. The environment shows a clear hallway with directory boards on the left wall and glass doors visible in the distance. No active door or elevator interaction is currently taking place - appears to be pre-task state or between navigation objectives.""""""",B
https://raw.githubusercontent.com/cunjunyu/RoboticGuideDogData/main/practice-pushdoor/000006.jpg,https://raw.githubusercontent.com/cunjunyu/RoboticGuideDogData/main/practice-pushdoor/000007.jpg,"""""""User is behind the dog. The robot remains fixed in position facing them door. No hazards are present on the current path. The user’s sustained stationary position relative to previous frames confirms the goal of reaching the door is currently paused.""""""","""""""Initial frame showing robot guide dog positioned in an indoor hallway facing a closed wooden door labeled 'COM2 1ST STOREY'. The door has visible signage for lift and restroom facilities. A user is visible on the right side of the frame. The robot is in the early approach phase toward the door, with the door task being the active interaction. Environment is clear with tiled flooring and adequate space for navigation.""""""",B
https://raw.githubusercontent.com/cunjunyu/RoboticGuideDogData/main/test-elevator/000522.jpg,https://raw.githubusercontent.com/cunjunyu/RoboticGuideDogData/main/test-elevator/000523.jpg,"""""""UUser is behind the dog. The robot is moving towards the lift . No hazards are present on the current path. The user’s is moving with the goal of reaching the lift..""""""","""""""User with robotic guide dog system is positioned in front of closed elevator doors in a building lobby area. The robot guide (white quadruped robot with blue backpack) is positioned between the user and the elevator. Environment shows clear terrazzo flooring, stairs visible to the left, and elevator call button panel visible on the wall. User appears to be in approach phase of elevator interaction task. No other people present. Elevator doors are closed, indicating waiting state before call button activation.""""""",B
